junction,time_seconds,hour,minute,vehicles_count,queue_length,waiting_time,day_type,congested
Carfax,21600,6,0,7,12,52.7,weekday,0
Carfax,21900,6,5,3,3,11.02,weekday,0
Carfax,22200,6,10,4,7,24.83,weekday,0
Carfax,22500,6,15,3,7,28.72,weekday,0
Carfax,22800,6,20,4,3,13.73,weekday,0
Carfax,23100,6,25,6,8,31.69,weekday,0
Carfax,23400,6,30,4,5,22.17,weekday,0
Carfax,23700,6,35,6,9,38.31,weekday,0
Carfax,24000,6,40,1,1,3.3,weekday,0
Carfax,24300,6,45,6,6,25.6,weekday,0
Carfax,24600,6,50,6,10,44.79,weekday,0
Carfax,24900,6,55,4,6,28.13,weekday,0
Carfax,25200,7,0,3,6,22.51,weekday,0
Carfax,25500,7,5,7,12,51.41,weekday,0
Carfax,25800,7,10,4,2,11.53,weekday,0
Carfax,26100,7,15,7,9,36.52,weekday,0
Carfax,26400,7,20,9,12,53.31,weekday,0
Carfax,26700,7,25,6,10,41.12,weekday,0
Carfax,27000,7,30,1,0,1.04,weekday,0
Carfax,27300,7,35,3,3,13.81,weekday,0
Carfax,27600,7,40,9,10,39.02,weekday,0
Carfax,27900,7,45,3,3,13.5,weekday,0
Carfax,28200,7,50,4,7,31.66,weekday,0
Carfax,28500,7,55,7,7,27.7,weekday,0
Carfax,28800,8,0,25,31,130.41,weekday,1
Carfax,29100,8,5,25,33,143.25,weekday,1
Carfax,29400,8,10,33,44,183.83,weekday,1
Carfax,29700,8,15,18,25,108.92,weekday,1
Carfax,30000,8,20,22,31,132.55,weekday,1
Carfax,30300,8,25,19,27,114.29,weekday,1
Carfax,30600,8,30,25,35,144.86,weekday,1
Carfax,30900,8,35,22,28,119.57,weekday,1
Carfax,31200,8,40,27,40,165.54,weekday,1
Carfax,31500,8,45,25,34,140.54,weekday,1
Carfax,31800,8,50,18,25,106.02,weekday,1
Carfax,32100,8,55,31,43,184.96,weekday,1
Carfax,32400,9,0,24,34,140.23,weekday,1
Carfax,32700,9,5,18,23,98.05,weekday,1
Carfax,33000,9,10,31,44,184.58,weekday,1
Carfax,33300,9,15,18,24,103.37,weekday,1
Carfax,33600,9,20,16,22,93.56,weekday,1
Carfax,33900,9,25,24,33,135.17,weekday,1
Carfax,34200,9,30,30,44,187.96,weekday,1
Carfax,34500,9,35,19,27,114.94,weekday,1
Carfax,34800,9,40,22,31,133.61,weekday,1
Carfax,35100,9,45,25,34,145.08,weekday,1
Carfax,35400,9,50,19,25,105.25,weekday,1
Carfax,35700,9,55,22,32,129.56,weekday,1
Carfax,36000,10,0,1,0,3.27,weekday,0
Carfax,36300,10,5,4,4,17.45,weekday,0
Carfax,36600,10,10,3,6,27.69,weekday,0
Carfax,36900,10,15,7,8,38.58,weekday,0
Carfax,37200,10,20,3,7,30.61,weekday,0
Carfax,37500,10,25,10,16,65.08,weekday,1
Carfax,37800,10,30,0,0,5.62,weekday,0
Carfax,38100,10,35,4,1,0.3,weekday,0
Carfax,38400,10,40,3,7,25.09,weekday,0
Carfax,38700,10,45,6,7,29.58,weekday,0
Carfax,39000,10,50,12,17,69.53,weekday,1
Carfax,39300,10,55,4,4,19.35,weekday,0
Carfax,39600,11,0,9,13,52.47,weekday,0
Carfax,39900,11,5,12,18,78.04,weekday,1
Carfax,40200,11,10,6,7,31.96,weekday,0
Carfax,40500,11,15,0,0,0.0,weekday,0
Carfax,40800,11,20,7,12,52.77,weekday,0
Carfax,41100,11,25,6,4,22.11,weekday,0
Carfax,41400,11,30,4,6,29.27,weekday,0
Carfax,41700,11,35,1,0,0.61,weekday,0
Carfax,42000,11,40,4,7,27.97,weekday,0
Carfax,42300,11,45,7,5,25.71,weekday,0
Carfax,42600,11,50,4,4,16.66,weekday,0
Carfax,42900,11,55,1,3,14.91,weekday,0
Carfax,43200,12,0,10,14,61.75,weekday,0
Carfax,43500,12,5,16,22,95.33,weekday,1
Carfax,43800,12,10,9,13,60.23,weekday,0
Carfax,44100,12,15,18,25,104.15,weekday,1
Carfax,44400,12,20,16,22,93.31,weekday,1
Carfax,44700,12,25,19,24,99.89,weekday,1
Carfax,45000,12,30,15,22,96.51,weekday,1
Carfax,45300,12,35,4,7,24.12,weekday,0
Carfax,45600,12,40,18,24,95.81,weekday,1
Carfax,45900,12,45,9,13,51.78,weekday,0
Carfax,46200,12,50,10,12,48.02,weekday,0
Carfax,46500,12,55,6,8,26.75,weekday,0
Carfax,46800,13,0,10,15,61.14,weekday,0
Carfax,47100,13,5,13,19,76.84,weekday,1
Carfax,47400,13,10,12,15,59.76,weekday,0
Carfax,47700,13,15,15,20,81.99,weekday,1
Carfax,48000,13,20,12,15,61.54,weekday,0
Carfax,48300,13,25,9,13,54.35,weekday,0
Carfax,48600,13,30,15,19,74.39,weekday,1
Carfax,48900,13,35,9,18,70.77,weekday,1
Carfax,49200,13,40,4,4,19.08,weekday,0
Carfax,49500,13,45,18,25,104.53,weekday,1
Carfax,49800,13,50,9,13,57.7,weekday,0
Carfax,50100,13,55,16,21,90.67,weekday,1
Carfax,50400,14,0,9,13,53.35,weekday,0
Carfax,50700,14,5,7,11,43.63,weekday,0
Carfax,51000,14,10,3,3,15.09,weekday,0
Carfax,51300,14,15,4,8,32.27,weekday,0
Carfax,51600,14,20,4,8,36.63,weekday,0
Carfax,51900,14,25,4,5,23.51,weekday,0
Carfax,52200,14,30,6,13,54.99,weekday,0
Carfax,52500,14,35,0,3,14.37,weekday,0
Carfax,52800,14,40,7,10,42.3,weekday,0
Carfax,53100,14,45,7,14,60.37,weekday,0
Carfax,53400,14,50,3,2,3.44,weekday,0
Carfax,53700,14,55,9,10,41.55,weekday,0
Carfax,54000,15,0,6,12,53.78,weekday,0
Carfax,54300,15,5,0,0,1.55,weekday,0
Carfax,54600,15,10,4,5,21.47,weekday,0
Carfax,54900,15,15,4,5,21.47,weekday,0
Carfax,55200,15,20,1,6,21.88,weekday,0
Carfax,55500,15,25,4,1,0.48,weekday,0
Carfax,55800,15,30,3,1,1.87,weekday,0
Carfax,56100,15,35,3,5,18.68,weekday,0
Carfax,56400,15,40,1,0,0.0,weekday,0
Carfax,56700,15,45,1,1,3.81,weekday,0
Carfax,57000,15,50,4,7,26.58,weekday,0
Carfax,57300,15,55,7,6,30.49,weekday,0
Carfax,57600,16,0,7,11,41.96,weekday,0
Carfax,57900,16,5,9,12,53.71,weekday,0
Carfax,58200,16,10,4,6,20.07,weekday,0
Carfax,58500,16,15,7,8,31.27,weekday,0
Carfax,58800,16,20,1,1,1.26,weekday,0
Carfax,59100,16,25,6,11,50.91,weekday,0
Carfax,59400,16,30,6,7,29.48,weekday,0
Carfax,59700,16,35,3,1,5.94,weekday,0
Carfax,60000,16,40,6,6,33.1,weekday,0
Carfax,60300,16,45,6,9,33.24,weekday,0
Carfax,60600,16,50,3,6,23.09,weekday,0
Carfax,60900,16,55,1,1,9.51,weekday,0
Carfax,61200,17,0,21,30,124.31,weekday,1
Carfax,61500,17,5,22,32,129.69,weekday,1
Carfax,61800,17,10,15,20,85.86,weekday,1
Carfax,62100,17,15,12,17,73.23,weekday,1
Carfax,62400,17,20,22,32,135.78,weekday,1
Carfax,62700,17,25,13,19,80.42,weekday,1
Carfax,63000,17,30,12,14,61.96,weekday,0
Carfax,63300,17,35,28,39,163.89,weekday,1
Carfax,63600,17,40,15,21,86.81,weekday,1
Carfax,63900,17,45,13,18,74.16,weekday,1
Carfax,64200,17,50,15,20,82.68,weekday,1
Carfax,64500,17,55,18,27,108.94,weekday,1
Carfax,64800,18,0,25,35,150.2,weekday,1
Carfax,65100,18,5,22,35,145.91,weekday,1
Carfax,65400,18,10,22,33,137.03,weekday,1
Carfax,65700,18,15,13,15,60.24,weekday,0
Carfax,66000,18,20,15,20,84.7,weekday,1
Carfax,66300,18,25,16,24,100.16,weekday,1
Carfax,66600,18,30,28,36,152.35,weekday,1
Carfax,66900,18,35,28,39,171.17,weekday,1
Carfax,67200,18,40,13,16,65.53,weekday,1
Carfax,67500,18,45,22,33,136.89,weekday,1
Carfax,67800,18,50,21,28,119.5,weekday,1
Carfax,68100,18,55,13,21,93.59,weekday,1
Carfax,68400,19,0,4,6,26.2,weekday,0
Carfax,68700,19,5,4,2,6.21,weekday,0
Carfax,69000,19,10,4,4,17.47,weekday,0
Carfax,69300,19,15,10,15,61.92,weekday,0
Carfax,69600,19,20,15,20,81.5,weekday,1
Carfax,69900,19,25,7,11,41.73,weekday,0
Carfax,70200,19,30,9,13,59.33,weekday,0
Carfax,70500,19,35,9,12,49.19,weekday,0
Carfax,70800,19,40,4,4,17.18,weekday,0
Carfax,71100,19,45,9,15,62.8,weekday,0
Carfax,71400,19,50,7,10,40.49,weekday,0
Carfax,71700,19,55,3,6,29.13,weekday,0
St_Giles,21600,6,0,3,3,14.5,weekday,0
St_Giles,21900,6,5,7,7,33.73,weekday,0
St_Giles,22200,6,10,10,14,60.93,weekday,0
St_Giles,22500,6,15,3,2,13.8,weekday,0
St_Giles,22800,6,20,2,0,1.69,weekday,0
St_Giles,23100,6,25,3,3,10.54,weekday,0
St_Giles,23400,6,30,7,7,29.26,weekday,0
St_Giles,23700,6,35,3,7,32.03,weekday,0
St_Giles,24000,6,40,1,1,0.0,weekday,0
St_Giles,24300,6,45,2,2,6.2,weekday,0
St_Giles,24600,6,50,4,8,36.37,weekday,0
St_Giles,24900,6,55,2,6,26.27,weekday,0
St_Giles,25200,7,0,6,8,36.45,weekday,0
St_Giles,25500,7,5,6,6,23.61,weekday,0
St_Giles,25800,7,10,9,13,51.53,weekday,0
St_Giles,26100,7,15,1,0,0.0,weekday,0
St_Giles,26400,7,20,8,11,49.34,weekday,0
St_Giles,26700,7,25,7,11,46.74,weekday,0
St_Giles,27000,7,30,4,6,25.98,weekday,0
St_Giles,27300,7,35,3,4,20.32,weekday,0
St_Giles,27600,7,40,4,3,13.56,weekday,0
St_Giles,27900,7,45,6,5,20.18,weekday,0
St_Giles,28200,7,50,1,0,0.76,weekday,0
St_Giles,28500,7,55,6,10,45.67,weekday,0
St_Giles,28800,8,0,18,25,108.9,weekday,1
St_Giles,29100,8,5,24,32,132.75,weekday,1
St_Giles,29400,8,10,8,10,38.9,weekday,0
St_Giles,29700,8,15,26,35,147.03,weekday,1
St_Giles,30000,8,20,30,42,177.76,weekday,1
St_Giles,30300,8,25,24,29,130.61,weekday,1
St_Giles,30600,8,30,20,26,111.13,weekday,1
St_Giles,30900,8,35,10,16,66.71,weekday,1
St_Giles,31200,8,40,13,18,81.61,weekday,1
St_Giles,31500,8,45,19,25,105.2,weekday,1
St_Giles,31800,8,50,26,34,144.81,weekday,1
St_Giles,32100,8,55,20,26,110.09,weekday,1
St_Giles,32400,9,0,16,23,100.91,weekday,1
St_Giles,32700,9,5,16,24,102.51,weekday,1
St_Giles,33000,9,10,16,22,89.31,weekday,1
St_Giles,33300,9,15,15,19,84.46,weekday,1
St_Giles,33600,9,20,16,19,78.0,weekday,1
St_Giles,33900,9,25,9,14,63.4,weekday,0
St_Giles,34200,9,30,18,25,108.38,weekday,1
St_Giles,34500,9,35,18,22,87.8,weekday,1
St_Giles,34800,9,40,16,27,115.58,weekday,1
St_Giles,35100,9,45,25,34,144.46,weekday,1
St_Giles,35400,9,50,10,12,47.45,weekday,0
St_Giles,35700,9,55,15,17,72.59,weekday,1
St_Giles,36000,10,0,4,6,22.29,weekday,0
St_Giles,36300,10,5,3,1,5.52,weekday,0
St_Giles,36600,10,10,4,6,25.62,weekday,0
St_Giles,36900,10,15,6,10,41.1,weekday,0
St_Giles,37200,10,20,4,5,24.74,weekday,0
St_Giles,37500,10,25,3,1,5.13,weekday,0
St_Giles,37800,10,30,3,4,16.36,weekday,0
St_Giles,38100,10,35,4,6,25.19,weekday,0
St_Giles,38400,10,40,3,6,28.51,weekday,0
St_Giles,38700,10,45,2,3,17.49,weekday,0
St_Giles,39000,10,50,2,0,0.0,weekday,0
St_Giles,39300,10,55,2,3,7.93,weekday,0
St_Giles,39600,11,0,8,14,60.06,weekday,0
St_Giles,39900,11,5,2,0,1.89,weekday,0
St_Giles,40200,11,10,3,6,21.56,weekday,0
St_Giles,40500,11,15,4,8,34.03,weekday,0
St_Giles,40800,11,20,4,6,26.95,weekday,0
St_Giles,41100,11,25,2,1,0.21,weekday,0
St_Giles,41400,11,30,3,1,0.0,weekday,0
St_Giles,41700,11,35,9,11,49.7,weekday,0
St_Giles,42000,11,40,6,6,24.14,weekday,0
St_Giles,42300,11,45,6,13,53.7,weekday,0
St_Giles,42600,11,50,4,4,16.24,weekday,0
St_Giles,42900,11,55,1,1,5.79,weekday,0
St_Giles,43200,12,0,9,10,43.25,weekday,0
St_Giles,43500,12,5,6,7,28.17,weekday,0
St_Giles,43800,12,10,4,5,21.01,weekday,0
St_Giles,44100,12,15,10,11,40.79,weekday,0
St_Giles,44400,12,20,7,11,43.81,weekday,0
St_Giles,44700,12,25,3,2,8.31,weekday,0
St_Giles,45000,12,30,9,9,32.96,weekday,0
St_Giles,45300,12,35,12,16,69.96,weekday,1
St_Giles,45600,12,40,10,13,54.87,weekday,0
St_Giles,45900,12,45,3,2,12.3,weekday,0
St_Giles,46200,12,50,7,12,52.56,weekday,0
St_Giles,46500,12,55,4,6,29.13,weekday,0
St_Giles,46800,13,0,8,14,64.2,weekday,0
St_Giles,47100,13,5,10,15,63.44,weekday,0
St_Giles,47400,13,10,12,16,72.02,weekday,1
St_Giles,47700,13,15,10,14,56.85,weekday,0
St_Giles,48000,13,20,16,21,88.14,weekday,1
St_Giles,48300,13,25,10,12,47.07,weekday,0
St_Giles,48600,13,30,4,4,18.74,weekday,0
St_Giles,48900,13,35,13,15,57.72,weekday,0
St_Giles,49200,13,40,6,7,37.07,weekday,0
St_Giles,49500,13,45,12,19,77.85,weekday,1
St_Giles,49800,13,50,8,12,46.3,weekday,0
St_Giles,50100,13,55,15,18,72.08,weekday,1
St_Giles,50400,14,0,1,0,2.31,weekday,0
St_Giles,50700,14,5,4,6,23.6,weekday,0
St_Giles,51000,14,10,3,4,22.12,weekday,0
St_Giles,51300,14,15,6,9,41.48,weekday,0
St_Giles,51600,14,20,2,0,0.0,weekday,0
St_Giles,51900,14,25,3,3,17.3,weekday,0
St_Giles,52200,14,30,3,4,13.41,weekday,0
St_Giles,52500,14,35,3,4,17.06,weekday,0
St_Giles,52800,14,40,3,5,18.24,weekday,0
St_Giles,53100,14,45,6,8,34.64,weekday,0
St_Giles,53400,14,50,2,1,1.77,weekday,0
St_Giles,53700,14,55,6,8,32.5,weekday,0
St_Giles,54000,15,0,3,5,23.71,weekday,0
St_Giles,54300,15,5,4,8,33.77,weekday,0
St_Giles,54600,15,10,3,2,6.87,weekday,0
St_Giles,54900,15,15,7,9,33.11,weekday,0
St_Giles,55200,15,20,3,5,20.77,weekday,0
St_Giles,55500,15,25,4,8,31.9,weekday,0
St_Giles,55800,15,30,6,10,43.61,weekday,0
St_Giles,56100,15,35,6,10,40.72,weekday,0
St_Giles,56400,15,40,4,3,13.87,weekday,0
St_Giles,56700,15,45,4,6,25.22,weekday,0
St_Giles,57000,15,50,7,12,58.17,weekday,0
St_Giles,57300,15,55,4,6,26.11,weekday,0
St_Giles,57600,16,0,7,12,50.33,weekday,0
St_Giles,57900,16,5,4,4,15.57,weekday,0
St_Giles,58200,16,10,6,8,37.28,weekday,0
St_Giles,58500,16,15,4,4,17.4,weekday,0
St_Giles,58800,16,20,4,8,36.64,weekday,0
St_Giles,59100,16,25,3,6,21.25,weekday,0
St_Giles,59400,16,30,10,10,35.17,weekday,0
St_Giles,59700,16,35,6,7,30.67,weekday,0
St_Giles,60000,16,40,6,10,40.42,weekday,0
St_Giles,60300,16,45,4,5,19.95,weekday,0
St_Giles,60600,16,50,0,0,0.0,weekday,0
St_Giles,60900,16,55,4,7,34.53,weekday,0
St_Giles,61200,17,0,20,27,112.89,weekday,1
St_Giles,61500,17,5,18,25,108.49,weekday,1
St_Giles,61800,17,10,15,22,93.9,weekday,1
St_Giles,62100,17,15,20,22,94.43,weekday,1
St_Giles,62400,17,20,12,17,75.52,weekday,1
St_Giles,62700,17,25,20,31,134.14,weekday,1
St_Giles,63000,17,30,15,21,83.39,weekday,1
St_Giles,63300,17,35,8,15,62.47,weekday,0
St_Giles,63600,17,40,24,33,143.69,weekday,1
St_Giles,63900,17,45,15,19,75.84,weekday,1
St_Giles,64200,17,50,14,18,73.52,weekday,1
St_Giles,64500,17,55,14,16,69.48,weekday,1
St_Giles,64800,18,0,10,13,52.34,weekday,0
St_Giles,65100,18,5,18,21,88.55,weekday,1
St_Giles,65400,18,10,21,29,119.54,weekday,1
St_Giles,65700,18,15,8,13,54.66,weekday,0
St_Giles,66000,18,20,14,18,71.06,weekday,1
St_Giles,66300,18,25,13,18,77.13,weekday,1
St_Giles,66600,18,30,15,20,84.44,weekday,1
St_Giles,66900,18,35,10,17,74.09,weekday,1
St_Giles,67200,18,40,8,6,23.04,weekday,0
St_Giles,67500,18,45,8,10,42.23,weekday,0
St_Giles,67800,18,50,7,10,43.33,weekday,0
St_Giles,68100,18,55,16,22,92.46,weekday,1
St_Giles,68400,19,0,8,8,33.93,weekday,0
St_Giles,68700,19,5,0,0,0.0,weekday,0
St_Giles,69000,19,10,2,3,9.52,weekday,0
St_Giles,69300,19,15,8,13,52.59,weekday,0
St_Giles,69600,19,20,9,15,65.34,weekday,0
St_Giles,69900,19,25,4,4,19.14,weekday,0
St_Giles,70200,19,30,1,4,20.99,weekday,0
St_Giles,70500,19,35,2,5,17.45,weekday,0
St_Giles,70800,19,40,6,8,30.16,weekday,0
St_Giles,71100,19,45,1,1,5.43,weekday,0
St_Giles,71400,19,50,1,0,0.0,weekday,0
St_Giles,71700,19,55,1,0,0.0,weekday,0
Headington,21600,6,0,6,5,16.54,weekday,0
Headington,21900,6,5,3,7,30.15,weekday,0
Headington,22200,6,10,5,6,23.78,weekday,0
Headington,22500,6,15,6,12,47.64,weekday,0
Headington,22800,6,20,9,11,45.88,weekday,0
Headington,23100,6,25,9,13,53.43,weekday,0
Headington,23400,6,30,6,9,37.71,weekday,0
Headington,23700,6,35,6,7,33.52,weekday,0
Headington,24000,6,40,10,16,66.59,weekday,1
Headington,24300,6,45,5,8,34.18,weekday,0
Headington,24600,6,50,1,3,15.44,weekday,0
Headington,24900,6,55,3,2,10.99,weekday,0
Headington,25200,7,0,2,1,6.77,weekday,0
Headington,25500,7,5,0,1,5.75,weekday,0
Headington,25800,7,10,9,12,47.75,weekday,0
Headington,26100,7,15,2,2,6.75,weekday,0
Headington,26400,7,20,3,4,18.63,weekday,0
Headington,26700,7,25,2,4,19.61,weekday,0
Headington,27000,7,30,1,0,0.0,weekday,0
Headington,27300,7,35,6,7,23.39,weekday,0
Headington,27600,7,40,7,9,40.81,weekday,0
Headington,27900,7,45,3,1,6.55,weekday,0
Headington,28200,7,50,7,9,32.49,weekday,0
Headington,28500,7,55,3,2,11.76,weekday,0
Headington,28800,8,0,7,9,38.27,weekday,0
Headington,29100,8,5,24,35,144.4,weekday,1
Headington,29400,8,10,16,19,77.34,weekday,1
Headington,29700,8,15,26,36,151.78,weekday,1
Headington,30000,8,20,18,25,104.69,weekday,1
Headington,30300,8,25,11,10,41.6,weekday,0
Headington,30600,8,30,22,32,138.11,weekday,1
Headington,30900,8,35,15,22,96.01,weekday,1
Headington,31200,8,40,7,9,39.6,weekday,0
Headington,31500,8,45,18,24,97.14,weekday,1
Headington,31800,8,50,16,21,92.56,weekday,1
Headington,32100,8,55,14,21,87.97,weekday,1
Headington,32400,9,0,14,16,69.65,weekday,1
Headington,32700,9,5,13,16,70.58,weekday,1
Headington,33000,9,10,22,28,119.52,weekday,1
Headington,33300,9,15,27,36,150.71,weekday,1
Headington,33600,9,20,11,16,65.66,weekday,1
Headington,33900,9,25,16,21,85.22,weekday,1
Headington,34200,9,30,19,31,132.55,weekday,1
Headington,34500,9,35,32,42,179.74,weekday,1
Headington,34800,9,40,23,33,138.66,weekday,1
Headington,35100,9,45,13,19,81.58,weekday,1
Headington,35400,9,50,13,18,80.25,weekday,1
Headington,35700,9,55,16,22,92.55,weekday,1
Headington,36000,10,0,2,4,18.83,weekday,0
Headington,36300,10,5,3,2,6.01,weekday,0
Headington,36600,10,10,3,5,21.15,weekday,0
Headington,36900,10,15,2,2,7.45,weekday,0
Headington,37200,10,20,7,7,31.95,weekday,0
Headington,37500,10,25,7,8,39.87,weekday,0
Headington,37800,10,30,3,8,33.62,weekday,0
Headington,38100,10,35,2,7,23.72,weekday,0
Headington,38400,10,40,2,0,0.0,weekday,0
Headington,38700,10,45,6,5,22.39,weekday,0
Headington,39000,10,50,3,5,21.06,weekday,0
Headington,39300,10,55,5,9,41.33,weekday,0
Headington,39600,11,0,5,4,18.61,weekday,0
Headington,39900,11,5,5,6,23.74,weekday,0
Headington,40200,11,10,3,1,0.0,weekday,0
Headington,40500,11,15,9,15,59.27,weekday,0
Headington,40800,11,20,3,1,4.3,weekday,0
Headington,41100,11,25,1,1,3.63,weekday,0
Headington,41400,11,30,7,8,29.61,weekday,0
Headington,41700,11,35,9,10,43.09,weekday,0
Headington,42000,11,40,3,0,0.6,weekday,0
Headington,42300,11,45,7,10,45.16,weekday,0
Headington,42600,11,50,2,3,11.14,weekday,0
Headington,42900,11,55,0,1,0.0,weekday,0
Headington,43200,12,0,6,10,44.46,weekday,0
Headington,43500,12,5,15,24,103.74,weekday,1
Headington,43800,12,10,9,13,50.09,weekday,0
Headington,44100,12,15,14,20,85.49,weekday,1
Headington,44400,12,20,18,26,107.6,weekday,1
Headington,44700,12,25,5,3,11.53,weekday,0
Headington,45000,12,30,14,18,73.01,weekday,1
Headington,45300,12,35,11,14,59.23,weekday,0
Headington,45600,12,40,10,12,53.2,weekday,0
Headington,45900,12,45,11,18,74.12,weekday,1
Headington,46200,12,50,6,5,21.23,weekday,0
Headington,46500,12,55,11,11,45.82,weekday,0
Headington,46800,13,0,9,12,47.96,weekday,0
Headington,47100,13,5,7,11,50.81,weekday,0
Headington,47400,13,10,13,21,90.37,weekday,1
Headington,47700,13,15,6,8,35.09,weekday,0
Headington,48000,13,20,6,6,24.78,weekday,0
Headington,48300,13,25,7,13,58.74,weekday,0
Headington,48600,13,30,9,11,44.13,weekday,0
Headington,48900,13,35,9,13,56.02,weekday,0
Headington,49200,13,40,13,14,59.65,weekday,0
Headington,49500,13,45,15,19,82.38,weekday,1
Headington,49800,13,50,5,8,33.55,weekday,0
Headington,50100,13,55,7,11,47.22,weekday,0
Headington,50400,14,0,3,2,5.92,weekday,0
Headington,50700,14,5,7,7,25.31,weekday,0
Headington,51000,14,10,5,7,38.36,weekday,0
Headington,51300,14,15,9,13,51.82,weekday,0
Headington,51600,14,20,3,6,27.96,weekday,0
Headington,51900,14,25,2,2,9.67,weekday,0
Headington,52200,14,30,2,7,30.7,weekday,0
Headington,52500,14,35,1,0,0.0,weekday,0
Headington,52800,14,40,6,12,51.57,weekday,0
Headington,53100,14,45,6,6,25.46,weekday,0
Headington,53400,14,50,3,2,10.35,weekday,0
Headington,53700,14,55,5,6,22.91,weekday,0
Headington,54000,15,0,5,7,34.68,weekday,0
Headington,54300,15,5,9,10,41.81,weekday,0
Headington,54600,15,10,5,6,28.02,weekday,0
Headington,54900,15,15,5,9,36.32,weekday,0
Headington,55200,15,20,5,4,12.39,weekday,0
Headington,55500,15,25,2,4,20.62,weekday,0
Headington,55800,15,30,1,2,4.99,weekday,0
Headington,56100,15,35,1,2,10.41,weekday,0
Headington,56400,15,40,3,5,23.37,weekday,0
Headington,56700,15,45,6,7,27.96,weekday,0
Headington,57000,15,50,11,19,79.15,weekday,1
Headington,57300,15,55,2,1,2.14,weekday,0
Headington,57600,16,0,5,5,25.56,weekday,0
Headington,57900,16,5,9,10,39.31,weekday,0
Headington,58200,16,10,3,5,17.3,weekday,0
Headington,58500,16,15,5,5,25.3,weekday,0
Headington,58800,16,20,1,0,1.47,weekday,0
Headington,59100,16,25,2,4,15.89,weekday,0
Headington,59400,16,30,10,16,64.77,weekday,1
Headington,59700,16,35,5,4,16.07,weekday,0
Headington,60000,16,40,1,2,12.69,weekday,0
Headington,60300,16,45,3,5,24.99,weekday,0
Headington,60600,16,50,3,8,36.67,weekday,0
Headington,60900,16,55,10,15,63.48,weekday,0
Headington,61200,17,0,23,29,122.22,weekday,1
Headington,61500,17,5,18,25,103.04,weekday,1
Headington,61800,17,10,18,26,108.72,weekday,1
Headington,62100,17,15,10,16,70.43,weekday,1
Headington,62400,17,20,18,26,106.13,weekday,1
Headington,62700,17,25,16,21,93.66,weekday,1
Headington,63000,17,30,10,15,66.99,weekday,0
Headington,63300,17,35,15,18,74.66,weekday,1
Headington,63600,17,40,16,22,94.7,weekday,1
Headington,63900,17,45,16,20,83.55,weekday,1
Headington,64200,17,50,22,31,129.18,weekday,1
Headington,64500,17,55,22,29,124.79,weekday,1
Headington,64800,18,0,15,20,82.55,weekday,1
Headington,65100,18,5,24,32,133.87,weekday,1
Headington,65400,18,10,11,11,45.51,weekday,0
Headington,65700,18,15,9,9,36.41,weekday,0
Headington,66000,18,20,19,24,98.52,weekday,1
Headington,66300,18,25,9,15,59.58,weekday,0
Headington,66600,18,30,6,7,30.4,weekday,0
Headington,66900,18,35,13,14,58.35,weekday,0
Headington,67200,18,40,16,22,89.21,weekday,1
Headington,67500,18,45,15,18,77.94,weekday,1
Headington,67800,18,50,15,17,70.22,weekday,1
Headington,68100,18,55,20,25,98.03,weekday,1
Headington,68400,19,0,13,18,71.38,weekday,1
Headington,68700,19,5,9,15,62.18,weekday,0
Headington,69000,19,10,3,8,38.48,weekday,0
Headington,69300,19,15,5,5,22.21,weekday,0
Headington,69600,19,20,3,5,19.71,weekday,0
Headington,69900,19,25,6,7,32.99,weekday,0
Headington,70200,19,30,5,4,18.84,weekday,0
Headington,70500,19,35,3,5,24.69,weekday,0
Headington,70800,19,40,5,8,33.52,weekday,0
Headington,71100,19,45,1,0,0.0,weekday,0
Headington,71400,19,50,6,12,46.2,weekday,0
Headington,71700,19,55,6,7,26.07,weekday,0
Botley_Rd,21600,6,0,5,7,27.86,weekday,0
Botley_Rd,21900,6,5,3,1,3.3,weekday,0
Botley_Rd,22200,6,10,2,0,2.25,weekday,0
Botley_Rd,22500,6,15,4,6,23.86,weekday,0
Botley_Rd,22800,6,20,5,10,42.41,weekday,0
Botley_Rd,23100,6,25,2,2,9.16,weekday,0
Botley_Rd,23400,6,30,8,9,34.86,weekday,0
Botley_Rd,23700,6,35,1,3,15.72,weekday,0
Botley_Rd,24000,6,40,4,2,7.22,weekday,0
Botley_Rd,24300,6,45,5,7,25.96,weekday,0
Botley_Rd,24600,6,50,4,9,36.68,weekday,0
Botley_Rd,24900,6,55,6,6,30.44,weekday,0
Botley_Rd,25200,7,0,6,7,27.92,weekday,0
Botley_Rd,25500,7,5,3,4,21.94,weekday,0
Botley_Rd,25800,7,10,4,7,29.72,weekday,0
Botley_Rd,26100,7,15,8,12,51.92,weekday,0
Botley_Rd,26400,7,20,3,4,14.76,weekday,0
Botley_Rd,26700,7,25,2,0,0.23,weekday,0
Botley_Rd,27000,7,30,6,8,34.95,weekday,0
Botley_Rd,27300,7,35,1,1,3.3,weekday,0
Botley_Rd,27600,7,40,3,0,3.09,weekday,0
Botley_Rd,27900,7,45,6,5,12.5,weekday,0
Botley_Rd,28200,7,50,5,3,11.43,weekday,0
Botley_Rd,28500,7,55,5,2,6.43,weekday,0
Botley_Rd,28800,8,0,10,14,60.14,weekday,0
Botley_Rd,29100,8,5,18,23,95.98,weekday,1
Botley_Rd,29400,8,10,17,25,98.85,weekday,1
Botley_Rd,29700,8,15,14,20,87.59,weekday,1
Botley_Rd,30000,8,20,13,17,69.05,weekday,1
Botley_Rd,30300,8,25,14,18,76.21,weekday,1
Botley_Rd,30600,8,30,14,20,83.0,weekday,1
Botley_Rd,30900,8,35,11,12,51.36,weekday,0
Botley_Rd,31200,8,40,15,21,90.28,weekday,1
Botley_Rd,31500,8,45,16,22,97.3,weekday,1
Botley_Rd,31800,8,50,17,25,106.66,weekday,1
Botley_Rd,32100,8,55,15,17,68.05,weekday,1
Botley_Rd,32400,9,0,21,29,125.46,weekday,1
Botley_Rd,32700,9,5,15,17,73.68,weekday,1
Botley_Rd,33000,9,10,26,34,146.64,weekday,1
Botley_Rd,33300,9,15,17,23,98.34,weekday,1
Botley_Rd,33600,9,20,19,29,125.01,weekday,1
Botley_Rd,33900,9,25,17,21,89.92,weekday,1
Botley_Rd,34200,9,30,13,15,62.15,weekday,0
Botley_Rd,34500,9,35,11,16,67.95,weekday,1
Botley_Rd,34800,9,40,8,13,59.57,weekday,0
Botley_Rd,35100,9,45,10,14,57.73,weekday,0
Botley_Rd,35400,9,50,22,26,113.15,weekday,1
Botley_Rd,35700,9,55,13,14,63.28,weekday,0
Botley_Rd,36000,10,0,6,7,29.61,weekday,0
Botley_Rd,36300,10,5,4,5,18.31,weekday,0
Botley_Rd,36600,10,10,3,0,0.0,weekday,0
Botley_Rd,36900,10,15,3,6,26.14,weekday,0
Botley_Rd,37200,10,20,2,1,0.16,weekday,0
Botley_Rd,37500,10,25,2,2,7.15,weekday,0
Botley_Rd,37800,10,30,5,4,14.54,weekday,0
Botley_Rd,38100,10,35,6,9,35.71,weekday,0
Botley_Rd,38400,10,40,3,5,24.35,weekday,0
Botley_Rd,38700,10,45,5,3,10.25,weekday,0
Botley_Rd,39000,10,50,8,9,35.77,weekday,0
Botley_Rd,39300,10,55,3,6,26.55,weekday,0
Botley_Rd,39600,11,0,6,10,39.7,weekday,0
Botley_Rd,39900,11,5,4,6,22.24,weekday,0
Botley_Rd,40200,11,10,3,5,20.88,weekday,0
Botley_Rd,40500,11,15,2,2,7.43,weekday,0
Botley_Rd,40800,11,20,1,4,10.18,weekday,0
Botley_Rd,41100,11,25,4,5,23.81,weekday,0
Botley_Rd,41400,11,30,3,0,3.18,weekday,0
Botley_Rd,41700,11,35,4,9,38.53,weekday,0
Botley_Rd,42000,11,40,6,6,23.06,weekday,0
Botley_Rd,42300,11,45,3,2,11.92,weekday,0
Botley_Rd,42600,11,50,3,4,18.74,weekday,0
Botley_Rd,42900,11,55,4,3,10.33,weekday,0
Botley_Rd,43200,12,0,6,4,19.43,weekday,0
Botley_Rd,43500,12,5,5,9,30.34,weekday,0
Botley_Rd,43800,12,10,10,12,51.38,weekday,0
Botley_Rd,44100,12,15,9,11,40.99,weekday,0
Botley_Rd,44400,12,20,8,11,43.49,weekday,0
Botley_Rd,44700,12,25,7,11,41.56,weekday,0
Botley_Rd,45000,12,30,12,16,66.73,weekday,1
Botley_Rd,45300,12,35,10,14,59.03,weekday,0
Botley_Rd,45600,12,40,7,7,24.34,weekday,0
Botley_Rd,45900,12,45,7,10,42.39,weekday,0
Botley_Rd,46200,12,50,7,10,39.82,weekday,0
Botley_Rd,46500,12,55,8,11,43.82,weekday,0
Botley_Rd,46800,13,0,7,12,51.35,weekday,0
Botley_Rd,47100,13,5,10,14,51.2,weekday,0
Botley_Rd,47400,13,10,8,10,44.53,weekday,0
Botley_Rd,47700,13,15,7,9,33.45,weekday,0
Botley_Rd,48000,13,20,11,15,64.73,weekday,0
Botley_Rd,48300,13,25,6,8,38.37,weekday,0
Botley_Rd,48600,13,30,5,6,21.43,weekday,0
Botley_Rd,48900,13,35,6,6,25.23,weekday,0
Botley_Rd,49200,13,40,7,14,60.59,weekday,0
Botley_Rd,49500,13,45,5,3,12.96,weekday,0
Botley_Rd,49800,13,50,8,13,58.76,weekday,0
Botley_Rd,50100,13,55,5,10,43.99,weekday,0
Botley_Rd,50400,14,0,3,5,19.39,weekday,0
Botley_Rd,50700,14,5,4,3,8.66,weekday,0
Botley_Rd,51000,14,10,6,9,37.62,weekday,0
Botley_Rd,51300,14,15,4,8,34.45,weekday,0
Botley_Rd,51600,14,20,4,8,26.95,weekday,0
Botley_Rd,51900,14,25,5,5,17.48,weekday,0
Botley_Rd,52200,14,30,5,6,21.48,weekday,0
Botley_Rd,52500,14,35,4,8,31.73,weekday,0
Botley_Rd,52800,14,40,7,9,35.96,weekday,0
Botley_Rd,53100,14,45,4,1,4.1,weekday,0
Botley_Rd,53400,14,50,1,2,8.77,weekday,0
Botley_Rd,53700,14,55,2,4,23.16,weekday,0
Botley_Rd,54000,15,0,4,6,28.42,weekday,0
Botley_Rd,54300,15,5,7,8,31.69,weekday,0
Botley_Rd,54600,15,10,4,4,17.4,weekday,0
Botley_Rd,54900,15,15,1,0,0.28,weekday,0
Botley_Rd,55200,15,20,3,6,28.75,weekday,0
Botley_Rd,55500,15,25,2,7,24.96,weekday,0
Botley_Rd,55800,15,30,7,10,41.32,weekday,0
Botley_Rd,56100,15,35,2,2,11.85,weekday,0
Botley_Rd,56400,15,40,5,8,34.16,weekday,0
Botley_Rd,56700,15,45,6,10,44.68,weekday,0
Botley_Rd,57000,15,50,4,8,35.89,weekday,0
Botley_Rd,57300,15,55,3,4,17.03,weekday,0
Botley_Rd,57600,16,0,6,7,28.85,weekday,0
Botley_Rd,57900,16,5,2,4,15.04,weekday,0
Botley_Rd,58200,16,10,6,8,34.69,weekday,0
Botley_Rd,58500,16,15,4,7,27.55,weekday,0
Botley_Rd,58800,16,20,6,8,34.62,weekday,0
Botley_Rd,59100,16,25,5,6,25.42,weekday,0
Botley_Rd,59400,16,30,2,2,11.55,weekday,0
Botley_Rd,59700,16,35,3,4,22.22,weekday,0
Botley_Rd,60000,16,40,5,7,32.21,weekday,0
Botley_Rd,60300,16,45,4,7,28.73,weekday,0
Botley_Rd,60600,16,50,4,7,27.21,weekday,0
Botley_Rd,60900,16,55,2,3,12.72,weekday,0
Botley_Rd,61200,17,0,11,15,56.6,weekday,0
Botley_Rd,61500,17,5,11,21,95.12,weekday,1
Botley_Rd,61800,17,10,9,14,63.91,weekday,0
Botley_Rd,62100,17,15,11,14,60.55,weekday,0
Botley_Rd,62400,17,20,11,17,68.92,weekday,1
Botley_Rd,62700,17,25,12,18,75.23,weekday,1
Botley_Rd,63000,17,30,10,13,50.56,weekday,0
Botley_Rd,63300,17,35,9,11,47.76,weekday,0
Botley_Rd,63600,17,40,7,10,42.5,weekday,0
Botley_Rd,63900,17,45,11,11,46.74,weekday,0
Botley_Rd,64200,17,50,11,14,59.79,weekday,0
Botley_Rd,64500,17,55,9,15,61.66,weekday,0
Botley_Rd,64800,18,0,10,14,64.93,weekday,0
Botley_Rd,65100,18,5,15,21,88.25,weekday,1
Botley_Rd,65400,18,10,16,20,87.91,weekday,1
Botley_Rd,65700,18,15,9,14,57.31,weekday,0
Botley_Rd,66000,18,20,9,9,39.21,weekday,0
Botley_Rd,66300,18,25,11,11,45.94,weekday,0
Botley_Rd,66600,18,30,5,4,13.28,weekday,0
Botley_Rd,66900,18,35,8,11,43.54,weekday,0
Botley_Rd,67200,18,40,7,10,45.91,weekday,0
Botley_Rd,67500,18,45,17,21,85.15,weekday,1
Botley_Rd,67800,18,50,11,12,50.88,weekday,0
Botley_Rd,68100,18,55,14,19,73.89,weekday,1
Botley_Rd,68400,19,0,5,4,11.42,weekday,0
Botley_Rd,68700,19,5,1,0,0.0,weekday,0
Botley_Rd,69000,19,10,3,3,13.41,weekday,0
Botley_Rd,69300,19,15,5,9,39.24,weekday,0
Botley_Rd,69600,19,20,2,0,3.96,weekday,0
Botley_Rd,69900,19,25,4,4,14.67,weekday,0
Botley_Rd,70200,19,30,6,11,45.76,weekday,0
Botley_Rd,70500,19,35,2,5,17.68,weekday,0
Botley_Rd,70800,19,40,1,0,0.0,weekday,0
Botley_Rd,71100,19,45,3,3,10.23,weekday,0
Botley_Rd,71400,19,50,2,0,0.0,weekday,0
Botley_Rd,71700,19,55,4,6,30.16,weekday,0
Iffley_Rd,21600,6,0,3,3,14.39,weekday,0
Iffley_Rd,21900,6,5,6,7,24.39,weekday,0
Iffley_Rd,22200,6,10,5,2,7.91,weekday,0
Iffley_Rd,22500,6,15,6,11,48.33,weekday,0
Iffley_Rd,22800,6,20,2,6,22.37,weekday,0
Iffley_Rd,23100,6,25,3,4,21.66,weekday,0
Iffley_Rd,23400,6,30,3,4,18.44,weekday,0
Iffley_Rd,23700,6,35,4,5,19.99,weekday,0
Iffley_Rd,24000,6,40,0,1,0.64,weekday,0
Iffley_Rd,24300,6,45,5,7,30.56,weekday,0
Iffley_Rd,24600,6,50,1,3,10.95,weekday,0
Iffley_Rd,24900,6,55,5,8,34.88,weekday,0
Iffley_Rd,25200,7,0,1,2,13.91,weekday,0
Iffley_Rd,25500,7,5,2,4,11.17,weekday,0
Iffley_Rd,25800,7,10,7,8,34.69,weekday,0
Iffley_Rd,26100,7,15,3,7,24.91,weekday,0
Iffley_Rd,26400,7,20,7,16,63.83,weekday,1
Iffley_Rd,26700,7,25,3,3,10.12,weekday,0
Iffley_Rd,27000,7,30,3,0,0.09,weekday,0
Iffley_Rd,27300,7,35,1,2,7.7,weekday,0
Iffley_Rd,27600,7,40,0,3,13.68,weekday,0
Iffley_Rd,27900,7,45,3,4,12.01,weekday,0
Iffley_Rd,28200,7,50,1,0,1.9,weekday,0
Iffley_Rd,28500,7,55,2,0,0.6,weekday,0
Iffley_Rd,28800,8,0,4,5,19.26,weekday,0
Iffley_Rd,29100,8,5,18,24,100.54,weekday,1
Iffley_Rd,29400,8,10,12,13,56.95,weekday,0
Iffley_Rd,29700,8,15,11,13,53.82,weekday,0
Iffley_Rd,30000,8,20,14,21,83.95,weekday,1
Iffley_Rd,30300,8,25,12,15,65.87,weekday,0
Iffley_Rd,30600,8,30,11,15,60.93,weekday,0
Iffley_Rd,30900,8,35,18,21,89.1,weekday,1
Iffley_Rd,31200,8,40,11,16,75.64,weekday,1
Iffley_Rd,31500,8,45,8,10,43.18,weekday,0
Iffley_Rd,31800,8,50,14,20,84.58,weekday,1
Iffley_Rd,32100,8,55,14,22,93.75,weekday,1
Iffley_Rd,32400,9,0,12,18,76.44,weekday,1
Iffley_Rd,32700,9,5,14,17,69.5,weekday,1
Iffley_Rd,33000,9,10,18,22,95.56,weekday,1
Iffley_Rd,33300,9,15,9,9,37.37,weekday,0
Iffley_Rd,33600,9,20,14,18,69.58,weekday,1
Iffley_Rd,33900,9,25,9,13,52.51,weekday,0
Iffley_Rd,34200,9,30,12,19,79.13,weekday,1
Iffley_Rd,34500,9,35,18,26,109.44,weekday,1
Iffley_Rd,34800,9,40,12,14,63.06,weekday,0
Iffley_Rd,35100,9,45,20,30,122.9,weekday,1
Iffley_Rd,35400,9,50,9,12,50.62,weekday,0
Iffley_Rd,35700,9,55,12,19,82.46,weekday,1
Iffley_Rd,36000,10,0,6,10,39.67,weekday,0
Iffley_Rd,36300,10,5,3,3,11.64,weekday,0
Iffley_Rd,36600,10,10,2,3,10.69,weekday,0
Iffley_Rd,36900,10,15,4,5,13.14,weekday,0
Iffley_Rd,37200,10,20,0,2,12.22,weekday,0
Iffley_Rd,37500,10,25,0,0,1.01,weekday,0
Iffley_Rd,37800,10,30,7,8,33.5,weekday,0
Iffley_Rd,38100,10,35,5,7,30.84,weekday,0
Iffley_Rd,38400,10,40,3,3,10.44,weekday,0
Iffley_Rd,38700,10,45,2,3,12.08,weekday,0
Iffley_Rd,39000,10,50,4,3,15.55,weekday,0
Iffley_Rd,39300,10,55,0,0,0.0,weekday,0
Iffley_Rd,39600,11,0,1,2,9.19,weekday,0
Iffley_Rd,39900,11,5,5,8,34.15,weekday,0
Iffley_Rd,40200,11,10,4,2,10.21,weekday,0
Iffley_Rd,40500,11,15,2,1,4.65,weekday,0
Iffley_Rd,40800,11,20,2,1,3.43,weekday,0
Iffley_Rd,41100,11,25,5,7,31.08,weekday,0
Iffley_Rd,41400,11,30,0,0,0.0,weekday,0
Iffley_Rd,41700,11,35,5,6,28.74,weekday,0
Iffley_Rd,42000,11,40,5,9,35.97,weekday,0
Iffley_Rd,42300,11,45,2,2,12.93,weekday,0
Iffley_Rd,42600,11,50,4,2,8.5,weekday,0
Iffley_Rd,42900,11,55,0,0,6.59,weekday,0
Iffley_Rd,43200,12,0,9,8,30.89,weekday,0
Iffley_Rd,43500,12,5,10,13,53.03,weekday,0
Iffley_Rd,43800,12,10,7,10,42.14,weekday,0
Iffley_Rd,44100,12,15,5,10,43.82,weekday,0
Iffley_Rd,44400,12,20,5,5,17.64,weekday,0
Iffley_Rd,44700,12,25,5,5,23.11,weekday,0
Iffley_Rd,45000,12,30,7,12,50.5,weekday,0
Iffley_Rd,45300,12,35,6,4,14.05,weekday,0
Iffley_Rd,45600,12,40,11,16,71.87,weekday,1
Iffley_Rd,45900,12,45,7,9,33.05,weekday,0
Iffley_Rd,46200,12,50,5,5,21.95,weekday,0
Iffley_Rd,46500,12,55,9,11,46.87,weekday,0
Iffley_Rd,46800,13,0,6,3,18.73,weekday,0
Iffley_Rd,47100,13,5,5,6,23.35,weekday,0
Iffley_Rd,47400,13,10,9,13,54.11,weekday,0
Iffley_Rd,47700,13,15,8,11,43.58,weekday,0
Iffley_Rd,48000,13,20,7,7,21.91,weekday,0
Iffley_Rd,48300,13,25,8,13,57.44,weekday,0
Iffley_Rd,48600,13,30,3,6,25.99,weekday,0
Iffley_Rd,48900,13,35,9,9,38.47,weekday,0
Iffley_Rd,49200,13,40,7,10,41.04,weekday,0
Iffley_Rd,49500,13,45,3,6,26.09,weekday,0
Iffley_Rd,49800,13,50,3,6,20.07,weekday,0
Iffley_Rd,50100,13,55,6,6,24.17,weekday,0
Iffley_Rd,50400,14,0,4,9,41.53,weekday,0
Iffley_Rd,50700,14,5,4,7,25.29,weekday,0
Iffley_Rd,51000,14,10,1,0,0.86,weekday,0
Iffley_Rd,51300,14,15,2,3,10.87,weekday,0
Iffley_Rd,51600,14,20,3,5,18.35,weekday,0
Iffley_Rd,51900,14,25,5,5,16.94,weekday,0
Iffley_Rd,52200,14,30,4,6,26.0,weekday,0
Iffley_Rd,52500,14,35,4,4,13.99,weekday,0
Iffley_Rd,52800,14,40,0,0,0.0,weekday,0
Iffley_Rd,53100,14,45,1,0,1.62,weekday,0
Iffley_Rd,53400,14,50,0,2,4.62,weekday,0
Iffley_Rd,53700,14,55,4,7,29.07,weekday,0
Iffley_Rd,54000,15,0,8,10,42.41,weekday,0
Iffley_Rd,54300,15,5,5,7,31.15,weekday,0
Iffley_Rd,54600,15,10,0,0,0.0,weekday,0
Iffley_Rd,54900,15,15,3,7,25.12,weekday,0
Iffley_Rd,55200,15,20,3,2,9.06,weekday,0
Iffley_Rd,55500,15,25,0,0,1.3,weekday,0
Iffley_Rd,55800,15,30,6,7,30.36,weekday,0
Iffley_Rd,56100,15,35,3,5,19.25,weekday,0
Iffley_Rd,56400,15,40,1,1,4.51,weekday,0
Iffley_Rd,56700,15,45,3,4,13.85,weekday,0
Iffley_Rd,57000,15,50,5,9,33.66,weekday,0
Iffley_Rd,57300,15,55,1,1,4.67,weekday,0
Iffley_Rd,57600,16,0,7,8,31.59,weekday,0
Iffley_Rd,57900,16,5,4,5,24.11,weekday,0
Iffley_Rd,58200,16,10,1,1,3.27,weekday,0
Iffley_Rd,58500,16,15,1,4,15.04,weekday,0
Iffley_Rd,58800,16,20,4,6,21.25,weekday,0
Iffley_Rd,59100,16,25,5,8,29.94,weekday,0
Iffley_Rd,59400,16,30,6,9,42.65,weekday,0
Iffley_Rd,59700,16,35,2,2,10.28,weekday,0
Iffley_Rd,60000,16,40,4,6,22.79,weekday,0
Iffley_Rd,60300,16,45,2,4,16.33,weekday,0
Iffley_Rd,60600,16,50,2,4,11.91,weekday,0
Iffley_Rd,60900,16,55,2,4,13.91,weekday,0
Iffley_Rd,61200,17,0,13,19,80.55,weekday,1
Iffley_Rd,61500,17,5,5,9,35.7,weekday,0
Iffley_Rd,61800,17,10,12,15,60.15,weekday,0
Iffley_Rd,62100,17,15,9,12,51.13,weekday,0
Iffley_Rd,62400,17,20,9,14,60.38,weekday,0
Iffley_Rd,62700,17,25,7,10,45.82,weekday,0
Iffley_Rd,63000,17,30,9,13,56.33,weekday,0
Iffley_Rd,63300,17,35,9,15,61.55,weekday,0
Iffley_Rd,63600,17,40,10,12,52.18,weekday,0
Iffley_Rd,63900,17,45,9,17,74.95,weekday,1
Iffley_Rd,64200,17,50,11,16,67.54,weekday,1
Iffley_Rd,64500,17,55,10,14,57.33,weekday,0
Iffley_Rd,64800,18,0,10,11,46.05,weekday,0
Iffley_Rd,65100,18,5,12,17,74.27,weekday,1
Iffley_Rd,65400,18,10,10,11,48.3,weekday,0
Iffley_Rd,65700,18,15,9,12,47.14,weekday,0
Iffley_Rd,66000,18,20,10,16,66.43,weekday,1
Iffley_Rd,66300,18,25,14,19,78.58,weekday,1
Iffley_Rd,66600,18,30,15,19,80.68,weekday,1
Iffley_Rd,66900,18,35,11,14,60.97,weekday,0
Iffley_Rd,67200,18,40,11,16,68.35,weekday,1
Iffley_Rd,67500,18,45,11,13,53.84,weekday,0
Iffley_Rd,67800,18,50,12,16,64.28,weekday,1
Iffley_Rd,68100,18,55,10,13,58.21,weekday,0
Iffley_Rd,68400,19,0,5,3,13.86,weekday,0
Iffley_Rd,68700,19,5,2,1,2.64,weekday,0
Iffley_Rd,69000,19,10,1,2,2.55,weekday,0
Iffley_Rd,69300,19,15,4,5,16.21,weekday,0
Iffley_Rd,69600,19,20,2,5,19.74,weekday,0
Iffley_Rd,69900,19,25,3,3,13.84,weekday,0
Iffley_Rd,70200,19,30,4,5,17.01,weekday,0
Iffley_Rd,70500,19,35,0,1,3.6,weekday,0
Iffley_Rd,70800,19,40,4,4,17.24,weekday,0
Iffley_Rd,71100,19,45,0,0,4.47,weekday,0
Iffley_Rd,71400,19,50,1,4,14.84,weekday,0
Iffley_Rd,71700,19,55,1,1,1.55,weekday,0
